{
  "pipelineConfig" : {
    "schemaVersion" : 6,
    "version" : 14,
    "pipelineId" : "containerlogsrawProcessingcopyc8762c63-2f8c-4c32-b6ad-dc9f13112b09",
    "title" : "node journalctl raw Processing",
    "description" : "",
    "uuid" : "d45c5a10-08ca-4c8a-9124-e749d4c2a49d",
    "configuration" : [ {
      "name" : "executionMode",
      "value" : "STANDALONE"
    }, {
      "name" : "edgeHttpUrl",
      "value" : "http://localhost:18633"
    }, {
      "name" : "deliveryGuarantee",
      "value" : "AT_LEAST_ONCE"
    }, {
      "name" : "testOriginStage",
      "value" : "streamsets-datacollector-dev-lib::com_streamsets_pipeline_stage_devtest_rawdata_RawDataDSource::3"
    }, {
      "name" : "startEventStage",
      "value" : "streamsets-datacollector-basic-lib::com_streamsets_pipeline_stage_destination_devnull_ToErrorNullDTarget::1"
    }, {
      "name" : "stopEventStage",
      "value" : "streamsets-datacollector-basic-lib::com_streamsets_pipeline_stage_destination_devnull_ToErrorNullDTarget::1"
    }, {
      "name" : "shouldRetry",
      "value" : true
    }, {
      "name" : "retryAttempts",
      "value" : -1
    }, {
      "name" : "notifyOnStates",
      "value" : [ "RUN_ERROR", "STOPPED", "FINISHED" ]
    }, {
      "name" : "emailIDs",
      "value" : [ ]
    }, {
      "name" : "constants",
      "value" : [ ]
    }, {
      "name" : "badRecordsHandling",
      "value" : "streamsets-datacollector-basic-lib::com_streamsets_pipeline_stage_destination_devnull_ToErrorNullDTarget::1"
    }, {
      "name" : "errorRecordPolicy",
      "value" : "ORIGINAL_RECORD"
    }, {
      "name" : "statsAggregatorStage",
      "value" : "streamsets-datacollector-basic-lib::com_streamsets_pipeline_stage_destination_devnull_StatsDpmDirectlyDTarget::1"
    }, {
      "name" : "workerCount",
      "value" : 0
    }, {
      "name" : "clusterSlaveMemory",
      "value" : 2048
    }, {
      "name" : "clusterSlaveJavaOpts",
      "value" : "-XX:+UseConcMarkSweepGC -XX:+UseParNewGC -Dlog4j.debug"
    }, {
      "name" : "clusterLauncherEnv",
      "value" : [ ]
    }, {
      "name" : "mesosDispatcherURL",
      "value" : null
    }, {
      "name" : "logLevel",
      "value" : "INFO"
    }, {
      "name" : "hdfsS3ConfDir",
      "value" : null
    }, {
      "name" : "rateLimit",
      "value" : 500
    }, {
      "name" : "maxRunners",
      "value" : 0
    }, {
      "name" : "shouldCreateFailureSnapshot",
      "value" : false
    }, {
      "name" : "runnerIdleTIme",
      "value" : -1
    }, {
      "name" : "webhookConfigs",
      "value" : [ ]
    }, {
      "name" : "sparkConfigs",
      "value" : [ ]
    }, {
      "name" : "amazonEMRConfig.userRegion",
      "value" : null
    }, {
      "name" : "amazonEMRConfig.userRegionCustom",
      "value" : null
    }, {
      "name" : "amazonEMRConfig.accessKey",
      "value" : ""
    }, {
      "name" : "amazonEMRConfig.secretKey",
      "value" : ""
    }, {
      "name" : "amazonEMRConfig.s3StagingUri",
      "value" : null
    }, {
      "name" : "amazonEMRConfig.provisionNewCluster",
      "value" : false
    }, {
      "name" : "amazonEMRConfig.clusterId",
      "value" : null
    }, {
      "name" : "amazonEMRConfig.clusterPrefix",
      "value" : null
    }, {
      "name" : "amazonEMRConfig.terminateCluster",
      "value" : false
    }, {
      "name" : "amazonEMRConfig.loggingEnabled",
      "value" : true
    }, {
      "name" : "amazonEMRConfig.s3LogUri",
      "value" : null
    }, {
      "name" : "amazonEMRConfig.enableEMRDebugging",
      "value" : true
    }, {
      "name" : "amazonEMRConfig.serviceRole",
      "value" : "EMR_DefaultRole"
    }, {
      "name" : "amazonEMRConfig.jobFlowRole",
      "value" : "EMR_EC2_DefaultRole"
    }, {
      "name" : "amazonEMRConfig.visibleToAllUsers",
      "value" : true
    }, {
      "name" : "amazonEMRConfig.ec2SubnetId",
      "value" : null
    }, {
      "name" : "amazonEMRConfig.masterSecurityGroup",
      "value" : null
    }, {
      "name" : "amazonEMRConfig.slaveSecurityGroup",
      "value" : null
    }, {
      "name" : "amazonEMRConfig.instanceCount",
      "value" : 2
    }, {
      "name" : "amazonEMRConfig.masterInstanceType",
      "value" : null
    }, {
      "name" : "amazonEMRConfig.masterInstanceTypeCustom",
      "value" : null
    }, {
      "name" : "amazonEMRConfig.slaveInstanceType",
      "value" : null
    }, {
      "name" : "amazonEMRConfig.slaveInstanceTypeCustom",
      "value" : null
    }, {
      "name" : "clusterConfig.clusterType",
      "value" : "LOCAL"
    }, {
      "name" : "clusterConfig.sparkMasterUrl",
      "value" : "local[*]"
    }, {
      "name" : "clusterConfig.deployMode",
      "value" : "CLIENT"
    }, {
      "name" : "clusterConfig.hadoopUserName",
      "value" : "hdfs"
    }, {
      "name" : "clusterConfig.stagingDir",
      "value" : "/streamsets"
    }, {
      "name" : "databricksConfig.baseUrl",
      "value" : null
    }, {
      "name" : "databricksConfig.credentialType",
      "value" : null
    }, {
      "name" : "databricksConfig.username",
      "value" : ""
    }, {
      "name" : "databricksConfig.password",
      "value" : ""
    }, {
      "name" : "databricksConfig.token",
      "value" : ""
    }, {
      "name" : "databricksConfig.clusterConfig",
      "value" : "{\n    \"num_workers\": 8,\n    \"spark_version\": \"5.3.x-scala2.11\",\n    \"node_type_id\": \"i3.xlarge\"\n}"
    }, {
      "name" : "livyConfig.baseUrl",
      "value" : null
    }, {
      "name" : "livyConfig.username",
      "value" : ""
    }, {
      "name" : "livyConfig.password",
      "value" : ""
    }, {
      "name" : "databricksConfig.provisionNewCluster",
      "value" : true
    }, {
      "name" : "databricksConfig.clusterId",
      "value" : null
    }, {
      "name" : "databricksConfig.terminateCluster",
      "value" : false
    }, {
      "name" : "advancedErrorHandling",
      "value" : false
    }, {
      "name" : "clusterConfig.sparkAppName",
      "value" : "${pipeline:title()}"
    }, {
      "name" : "clusterConfig.useYarnKerberosKeytab",
      "value" : false
    }, {
      "name" : "clusterConfig.yarnKerberosKeytabSource",
      "value" : "PROPERTIES_FILE"
    }, {
      "name" : "clusterConfig.yarnKerberosKeytab",
      "value" : null
    }, {
      "name" : "clusterConfig.yarnKerberosPrincipal",
      "value" : "name@DOMAIN"
    } ],
    "uiInfo" : {
      "previewConfig" : {
        "previewSource" : "CONFIGURED_SOURCE",
        "batchSize" : 10,
        "timeout" : 30000,
        "writeToDestinations" : false,
        "executeLifecycleEvents" : false,
        "showHeader" : false,
        "showFieldType" : true,
        "rememberMe" : false
      }
    },
    "fragments" : [ ],
    "stages" : [ {
      "instanceName" : "KafkaConsumer_01",
      "library" : "streamsets-datacollector-apache-kafka_2_0-lib",
      "stageName" : "com_streamsets_pipeline_stage_origin_kafka_KafkaDSource",
      "stageVersion" : "7",
      "configuration" : [ {
        "name" : "kafkaConfigBean.dataFormatConfig.filePatternInArchive",
        "value" : "*"
      }, {
        "name" : "kafkaConfigBean.dataFormatConfig.charset",
        "value" : "UTF-8"
      }, {
        "name" : "kafkaConfigBean.dataFormatConfig.removeCtrlChars",
        "value" : false
      }, {
        "name" : "kafkaConfigBean.dataFormatConfig.textMaxLineLen",
        "value" : 1024
      }, {
        "name" : "kafkaConfigBean.dataFormatConfig.useCustomDelimiter",
        "value" : false
      }, {
        "name" : "kafkaConfigBean.dataFormatConfig.customDelimiter",
        "value" : "\\r\\n"
      }, {
        "name" : "kafkaConfigBean.dataFormatConfig.includeCustomDelimiterInTheText",
        "value" : false
      }, {
        "name" : "kafkaConfigBean.dataFormatConfig.jsonContent",
        "value" : "MULTIPLE_OBJECTS"
      }, {
        "name" : "kafkaConfigBean.dataFormatConfig.jsonMaxObjectLen",
        "value" : 65536
      }, {
        "name" : "kafkaConfigBean.dataFormatConfig.csvFileFormat",
        "value" : "CSV"
      }, {
        "name" : "kafkaConfigBean.dataFormatConfig.csvHeader",
        "value" : "NO_HEADER"
      }, {
        "name" : "kafkaConfigBean.dataFormatConfig.csvAllowExtraColumns",
        "value" : false
      }, {
        "name" : "kafkaConfigBean.dataFormatConfig.csvExtraColumnPrefix",
        "value" : "_extra_"
      }, {
        "name" : "kafkaConfigBean.dataFormatConfig.csvMaxObjectLen",
        "value" : 1024
      }, {
        "name" : "kafkaConfigBean.dataFormatConfig.csvCustomDelimiter",
        "value" : "|"
      }, {
        "name" : "kafkaConfigBean.dataFormatConfig.csvCustomEscape",
        "value" : "\\"
      }, {
        "name" : "kafkaConfigBean.dataFormatConfig.csvCustomQuote",
        "value" : "\""
      }, {
        "name" : "kafkaConfigBean.dataFormatConfig.csvEnableComments",
        "value" : false
      }, {
        "name" : "kafkaConfigBean.dataFormatConfig.csvCommentMarker",
        "value" : "#"
      }, {
        "name" : "kafkaConfigBean.dataFormatConfig.csvIgnoreEmptyLines",
        "value" : true
      }, {
        "name" : "kafkaConfigBean.dataFormatConfig.csvRecordType",
        "value" : "LIST_MAP"
      }, {
        "name" : "kafkaConfigBean.dataFormatConfig.csvSkipStartLines",
        "value" : 0
      }, {
        "name" : "kafkaConfigBean.dataFormatConfig.parseNull",
        "value" : false
      }, {
        "name" : "kafkaConfigBean.dataFormatConfig.nullConstant",
        "value" : "\\\\N"
      }, {
        "name" : "kafkaConfigBean.dataFormatConfig.xmlRecordElement",
        "value" : null
      }, {
        "name" : "kafkaConfigBean.dataFormatConfig.includeFieldXpathAttributes",
        "value" : false
      }, {
        "name" : "kafkaConfigBean.dataFormatConfig.xPathNamespaceContext",
        "value" : [ ]
      }, {
        "name" : "kafkaConfigBean.dataFormatConfig.outputFieldAttributes",
        "value" : false
      }, {
        "name" : "kafkaConfigBean.dataFormatConfig.xmlMaxObjectLen",
        "value" : 4096
      }, {
        "name" : "kafkaConfigBean.dataFormatConfig.logMode",
        "value" : "COMMON_LOG_FORMAT"
      }, {
        "name" : "kafkaConfigBean.dataFormatConfig.logMaxObjectLen",
        "value" : 1024
      }, {
        "name" : "kafkaConfigBean.dataFormatConfig.retainOriginalLine",
        "value" : false
      }, {
        "name" : "kafkaConfigBean.dataFormatConfig.customLogFormat",
        "value" : "%h %l %u %t \"%r\" %>s %b"
      }, {
        "name" : "kafkaConfigBean.dataFormatConfig.regex",
        "value" : "^(\\S+) (\\S+) (\\S+) \\[([\\w:/]+\\s[+\\-]\\d{4})\\] \"(\\S+) (\\S+) (\\S+)\" (\\d{3}) (\\d+)"
      }, {
        "name" : "kafkaConfigBean.dataFormatConfig.fieldPathsToGroupName",
        "value" : [ {
          "fieldPath" : "/",
          "group" : 1
        } ]
      }, {
        "name" : "kafkaConfigBean.dataFormatConfig.grokPatternDefinition",
        "value" : null
      }, {
        "name" : "kafkaConfigBean.dataFormatConfig.grokPattern",
        "value" : "%{COMMONAPACHELOG}"
      }, {
        "name" : "kafkaConfigBean.dataFormatConfig.onParseError",
        "value" : "ERROR"
      }, {
        "name" : "kafkaConfigBean.dataFormatConfig.maxStackTraceLines",
        "value" : 50
      }, {
        "name" : "kafkaConfigBean.dataFormatConfig.enableLog4jCustomLogFormat",
        "value" : false
      }, {
        "name" : "kafkaConfigBean.dataFormatConfig.log4jCustomLogFormat",
        "value" : "%r [%t] %-5p %c %x - %m%n"
      }, {
        "name" : "kafkaConfigBean.dataFormatConfig.avroSchemaSource",
        "value" : null
      }, {
        "name" : "kafkaConfigBean.dataFormatConfig.avroSchema",
        "value" : null
      }, {
        "name" : "kafkaConfigBean.dataFormatConfig.schemaRegistryUrls",
        "value" : [ ]
      }, {
        "name" : "kafkaConfigBean.dataFormatConfig.schemaLookupMode",
        "value" : "SUBJECT"
      }, {
        "name" : "kafkaConfigBean.dataFormatConfig.subject",
        "value" : null
      }, {
        "name" : "kafkaConfigBean.dataFormatConfig.schemaId",
        "value" : null
      }, {
        "name" : "kafkaConfigBean.dataFormatConfig.protoDescriptorFile",
        "value" : null
      }, {
        "name" : "kafkaConfigBean.dataFormatConfig.messageType",
        "value" : null
      }, {
        "name" : "kafkaConfigBean.dataFormatConfig.isDelimited",
        "value" : true
      }, {
        "name" : "kafkaConfigBean.dataFormatConfig.binaryMaxObjectLen",
        "value" : 1024
      }, {
        "name" : "kafkaConfigBean.dataFormatConfig.datagramMode",
        "value" : "SYSLOG"
      }, {
        "name" : "kafkaConfigBean.dataFormatConfig.typesDbPath",
        "value" : null
      }, {
        "name" : "kafkaConfigBean.dataFormatConfig.convertTime",
        "value" : false
      }, {
        "name" : "kafkaConfigBean.dataFormatConfig.excludeInterval",
        "value" : true
      }, {
        "name" : "kafkaConfigBean.dataFormatConfig.authFilePath",
        "value" : null
      }, {
        "name" : "kafkaConfigBean.dataFormatConfig.netflowOutputValuesMode",
        "value" : "RAW_AND_INTERPRETED"
      }, {
        "name" : "kafkaConfigBean.dataFormatConfig.maxTemplateCacheSize",
        "value" : -1
      }, {
        "name" : "kafkaConfigBean.dataFormatConfig.templateCacheTimeoutMs",
        "value" : -1
      }, {
        "name" : "kafkaConfigBean.dataFormatConfig.netflowOutputValuesModeDatagram",
        "value" : "RAW_AND_INTERPRETED"
      }, {
        "name" : "kafkaConfigBean.dataFormatConfig.maxTemplateCacheSizeDatagram",
        "value" : -1
      }, {
        "name" : "kafkaConfigBean.dataFormatConfig.templateCacheTimeoutMsDatagram",
        "value" : -1
      }, {
        "name" : "kafkaConfigBean.dataFormatConfig.wholeFileMaxObjectLen",
        "value" : 8192
      }, {
        "name" : "kafkaConfigBean.dataFormatConfig.rateLimit",
        "value" : "-1"
      }, {
        "name" : "kafkaConfigBean.dataFormatConfig.verifyChecksum",
        "value" : false
      }, {
        "name" : "kafkaConfigBean.dataFormatConfig.excelHeader",
        "value" : null
      }, {
        "name" : "kafkaConfigBean.dataFormat",
        "value" : "JSON"
      }, {
        "name" : "kafkaConfigBean.metadataBrokerList",
        "value" : "kafka:9092"
      }, {
        "name" : "kafkaConfigBean.zookeeperConnect",
        "value" : "zookeeper:2181"
      }, {
        "name" : "kafkaConfigBean.consumerGroup",
        "value" : "streamsetsDataCollector_node_journalctl_raw_processing"
      }, {
        "name" : "kafkaConfigBean.topic",
        "value" : "node_journalctl_raw"
      }, {
        "name" : "kafkaConfigBean.produceSingleRecordPerMessage",
        "value" : false
      }, {
        "name" : "kafkaConfigBean.maxBatchSize",
        "value" : 100
      }, {
        "name" : "kafkaConfigBean.maxWaitTime",
        "value" : 200
      }, {
        "name" : "kafkaConfigBean.maxRatePerPartition",
        "value" : 100
      }, {
        "name" : "kafkaConfigBean.keyDeserializer",
        "value" : "STRING"
      }, {
        "name" : "kafkaConfigBean.valueDeserializer",
        "value" : "DEFAULT"
      }, {
        "name" : "kafkaConfigBean.kafkaConsumerConfigs",
        "value" : [ ]
      }, {
        "name" : "stageOnRecordError",
        "value" : "TO_ERROR"
      }, {
        "name" : "kafkaConfigBean.timestampsEnabled",
        "value" : false
      }, {
        "name" : "kafkaConfigBean.kafkaAutoOffsetReset",
        "value" : "EARLIEST"
      }, {
        "name" : "kafkaConfigBean.timestampToSearchOffsets",
        "value" : 0
      }, {
        "name" : "kafkaConfigBean.dataFormatConfig.multiCharacterFieldDelimiter",
        "value" : "||"
      }, {
        "name" : "kafkaConfigBean.dataFormatConfig.multiCharacterLineDelimiter",
        "value" : "${str:unescapeJava('\\\\n')}"
      }, {
        "name" : "kafkaConfigBean.dataFormatConfig.excelSkipCellsWithNoHeader",
        "value" : false
      }, {
        "name" : "kafkaConfigBean.dataFormatConfig.excelReadAllSheets",
        "value" : true
      }, {
        "name" : "kafkaConfigBean.dataFormatConfig.excelSheetNames",
        "value" : [ ]
      } ],
      "uiInfo" : {
        "yPos" : -23.941770553588867,
        "stageType" : "SOURCE",
        "rawSource" : {
          "configuration" : [ {
            "name" : "brokerHost",
            "value" : "localhost"
          }, {
            "name" : "brokerPort",
            "value" : 9092
          }, {
            "name" : "topic",
            "value" : "myTopic"
          }, {
            "name" : "partition",
            "value" : 0
          }, {
            "name" : "maxWaitTime",
            "value" : 1000
          } ]
        },
        "description" : "",
        "label" : "node journalctl raw",
        "xPos" : -77.45480346679688
      },
      "inputLanes" : [ ],
      "outputLanes" : [ "KafkaConsumer_01OutputLane15440393622070" ],
      "eventLanes" : [ ],
      "services" : [ ]
    }, {
      "instanceName" : "JavaScriptEvaluator_01",
      "library" : "streamsets-datacollector-basic-lib",
      "stageName" : "com_streamsets_pipeline_stage_processor_javascript_JavaScriptDProcessor",
      "stageVersion" : "3",
      "configuration" : [ {
        "name" : "processingMode",
        "value" : "BATCH"
      }, {
        "name" : "initScript",
        "value" : ""
      }, {
        "name" : "script",
        "value" : "for(var i = 0; i < records.length; i++) {\n  try {\n \n    var entry = JSON.parse(records[i].value.message);\n    var result = {};\n\tresult[\"@timestamp\"] = (new Date(entry.__REALTIME_TIMESTAMP/1000)).toISOString();\n    result.node = records[i].value.host.name;\n    result.comm = entry._COMM;\n    result.commandline = entry._CMDLINE;\n    result.pid = entry._PID;\n    result.message = entry.MESSAGE;\n    result.syslogidentifier = entry.SYSLOG_IDENTIFIER;\n    \n    result.level = \"INFO\";\n    if(result.message.indexOf(\"time=\")==0){\n      result.message = result.message.substr(result.message.indexOf(\"level=\") + 6);\n      result.level = result.message.substr(0,result.message.indexOf(\" \")).toUpperCase();\n      result.message = result.message.substr(result.message.indexOf(\"msg=\"));\n    } else if(result.message.indexOf(\"WARNING\")==0) {\n      result.level = \"WARNING\";\n      result.message = result.message.substr(8);\n    } else if(result.message.indexOf(\"ERROR\")==0) {\n      result.level = \"ERROR\";\n      result.message = result.message.substr(6);\n    }\n    records[i].value = result;\n    output.write(records[i]);\n\n  } catch (e) {\n    error.write(records[i], e);\n  }\n}"
      }, {
        "name" : "destroyScript",
        "value" : ""
      }, {
        "name" : "stageOnRecordError",
        "value" : "TO_ERROR"
      }, {
        "name" : "stageRequiredFields",
        "value" : [ ]
      }, {
        "name" : "stageRecordPreconditions",
        "value" : [ ]
      }, {
        "name" : "scriptRecordType",
        "value" : "NATIVE_OBJECTS"
      }, {
        "name" : "userParams",
        "value" : [ ]
      } ],
      "uiInfo" : {
        "description" : "",
        "label" : "Process Message",
        "xPos" : 149.5404052734375,
        "yPos" : -23.20014190673828,
        "stageType" : "PROCESSOR"
      },
      "inputLanes" : [ "KafkaConsumer_01OutputLane15440393622070" ],
      "outputLanes" : [ "JavaScriptEvaluator_01OutputLane15441234288920" ],
      "eventLanes" : [ ],
      "services" : [ ]
    }, {
      "instanceName" : "KafkaProducer_01",
      "library" : "streamsets-datacollector-apache-kafka_2_0-lib",
      "stageName" : "com_streamsets_pipeline_stage_destination_kafka_KafkaDTarget",
      "stageVersion" : "4",
      "configuration" : [ {
        "name" : "conf.dataFormat",
        "value" : "JSON"
      }, {
        "name" : "conf.dataGeneratorFormatConfig.charset",
        "value" : "UTF-8"
      }, {
        "name" : "conf.dataGeneratorFormatConfig.csvFileFormat",
        "value" : "CSV"
      }, {
        "name" : "conf.dataGeneratorFormatConfig.csvHeader",
        "value" : "NO_HEADER"
      }, {
        "name" : "conf.dataGeneratorFormatConfig.csvReplaceNewLines",
        "value" : true
      }, {
        "name" : "conf.dataGeneratorFormatConfig.csvReplaceNewLinesString",
        "value" : " "
      }, {
        "name" : "conf.dataGeneratorFormatConfig.csvCustomDelimiter",
        "value" : "|"
      }, {
        "name" : "conf.dataGeneratorFormatConfig.csvCustomEscape",
        "value" : "\\"
      }, {
        "name" : "conf.dataGeneratorFormatConfig.csvCustomQuote",
        "value" : "\""
      }, {
        "name" : "conf.dataGeneratorFormatConfig.jsonMode",
        "value" : "MULTIPLE_OBJECTS"
      }, {
        "name" : "conf.dataGeneratorFormatConfig.textFieldPath",
        "value" : "/text"
      }, {
        "name" : "conf.dataGeneratorFormatConfig.textRecordSeparator",
        "value" : "\\n"
      }, {
        "name" : "conf.dataGeneratorFormatConfig.textFieldMissingAction",
        "value" : "ERROR"
      }, {
        "name" : "conf.dataGeneratorFormatConfig.textEmptyLineIfNull",
        "value" : false
      }, {
        "name" : "conf.dataGeneratorFormatConfig.avroSchemaSource",
        "value" : null
      }, {
        "name" : "conf.dataGeneratorFormatConfig.avroSchema",
        "value" : null
      }, {
        "name" : "conf.dataGeneratorFormatConfig.registerSchema",
        "value" : false
      }, {
        "name" : "conf.dataGeneratorFormatConfig.schemaRegistryUrlsForRegistration",
        "value" : [ ]
      }, {
        "name" : "conf.dataGeneratorFormatConfig.schemaRegistryUrls",
        "value" : [ ]
      }, {
        "name" : "conf.dataGeneratorFormatConfig.schemaLookupMode",
        "value" : "SUBJECT"
      }, {
        "name" : "conf.dataGeneratorFormatConfig.subject",
        "value" : null
      }, {
        "name" : "conf.dataGeneratorFormatConfig.subjectToRegister",
        "value" : null
      }, {
        "name" : "conf.dataGeneratorFormatConfig.schemaId",
        "value" : null
      }, {
        "name" : "conf.dataGeneratorFormatConfig.includeSchema",
        "value" : true
      }, {
        "name" : "conf.dataGeneratorFormatConfig.avroCompression",
        "value" : "NULL"
      }, {
        "name" : "conf.dataGeneratorFormatConfig.binaryFieldPath",
        "value" : "/"
      }, {
        "name" : "conf.dataGeneratorFormatConfig.protoDescriptorFile",
        "value" : null
      }, {
        "name" : "conf.dataGeneratorFormatConfig.messageType",
        "value" : null
      }, {
        "name" : "conf.dataGeneratorFormatConfig.fileNameEL",
        "value" : null
      }, {
        "name" : "conf.dataGeneratorFormatConfig.wholeFileExistsAction",
        "value" : "TO_ERROR"
      }, {
        "name" : "conf.dataGeneratorFormatConfig.includeChecksumInTheEvents",
        "value" : false
      }, {
        "name" : "conf.dataGeneratorFormatConfig.checksumAlgorithm",
        "value" : "MD5"
      }, {
        "name" : "conf.dataGeneratorFormatConfig.xmlPrettyPrint",
        "value" : true
      }, {
        "name" : "conf.dataGeneratorFormatConfig.xmlValidateSchema",
        "value" : false
      }, {
        "name" : "conf.dataGeneratorFormatConfig.xmlSchema",
        "value" : null
      }, {
        "name" : "conf.metadataBrokerList",
        "value" : "kafka:9092"
      }, {
        "name" : "conf.runtimeTopicResolution",
        "value" : false
      }, {
        "name" : "conf.topicExpression",
        "value" : ""
      }, {
        "name" : "conf.topicWhiteList",
        "value" : "*"
      }, {
        "name" : "conf.topic",
        "value" : "node_journalctl_log"
      }, {
        "name" : "conf.partitionStrategy",
        "value" : "ROUND_ROBIN"
      }, {
        "name" : "conf.partition",
        "value" : "${0}"
      }, {
        "name" : "conf.singleMessagePerBatch",
        "value" : false
      }, {
        "name" : "conf.keySerializer",
        "value" : "STRING"
      }, {
        "name" : "conf.valueSerializer",
        "value" : "DEFAULT"
      }, {
        "name" : "conf.kafkaProducerConfigs",
        "value" : [ ]
      }, {
        "name" : "responseConf.sendResponseToOrigin",
        "value" : false
      }, {
        "name" : "responseConf.responseType",
        "value" : "SUCCESS_RECORDS"
      }, {
        "name" : "stageOnRecordError",
        "value" : "TO_ERROR"
      }, {
        "name" : "stageRequiredFields",
        "value" : [ ]
      }, {
        "name" : "stageRecordPreconditions",
        "value" : [ ]
      }, {
        "name" : "conf.dataGeneratorFormatConfig.csvQuoteMode",
        "value" : "MINIMAL"
      } ],
      "uiInfo" : {
        "description" : "",
        "label" : "node_journalctl_log",
        "xPos" : 430,
        "yPos" : -21,
        "stageType" : "TARGET"
      },
      "inputLanes" : [ "JavaScriptEvaluator_01OutputLane15441234288920" ],
      "outputLanes" : [ ],
      "eventLanes" : [ ],
      "services" : [ ]
    } ],
    "errorStage" : {
      "instanceName" : "Discard_ErrorStage",
      "library" : "streamsets-datacollector-basic-lib",
      "stageName" : "com_streamsets_pipeline_stage_destination_devnull_ToErrorNullDTarget",
      "stageVersion" : "1",
      "configuration" : [ ],
      "uiInfo" : {
        "description" : "",
        "label" : "Error Records - Discard",
        "xPos" : 280,
        "yPos" : 50,
        "stageType" : "TARGET"
      },
      "inputLanes" : [ ],
      "outputLanes" : [ ],
      "eventLanes" : [ ],
      "services" : [ ]
    },
    "info" : {
      "pipelineId" : "containerlogsrawProcessingcopyc8762c63-2f8c-4c32-b6ad-dc9f13112b09",
      "title" : "node journalctl raw Processing",
      "description" : "",
      "created" : 1590145829168,
      "lastModified" : 1590150233999,
      "creator" : "admin",
      "lastModifier" : "admin",
      "lastRev" : "0",
      "uuid" : "d45c5a10-08ca-4c8a-9124-e749d4c2a49d",
      "valid" : true,
      "metadata" : {
        "labels" : [ ]
      },
      "name" : "containerlogsrawProcessingcopyc8762c63-2f8c-4c32-b6ad-dc9f13112b09",
      "sdcVersion" : "3.10.1",
      "sdcId" : "ccba5480-9adb-11ea-9e17-dd929248688d"
    },
    "metadata" : {
      "labels" : [ ]
    },
    "statsAggregatorStage" : {
      "instanceName" : "statsAggregatorStageInstance",
      "library" : "streamsets-datacollector-basic-lib",
      "stageName" : "com_streamsets_pipeline_stage_destination_devnull_StatsDpmDirectlyDTarget",
      "stageVersion" : "1",
      "configuration" : [ ],
      "uiInfo" : {
        "stageType" : "TARGET",
        "label" : "Stats Aggregator -Write to Control Hub directly"
      },
      "inputLanes" : [ ],
      "outputLanes" : [ ],
      "eventLanes" : [ ],
      "services" : [ ]
    },
    "startEventStages" : [ {
      "instanceName" : "Discard_StartEventStage",
      "library" : "streamsets-datacollector-basic-lib",
      "stageName" : "com_streamsets_pipeline_stage_destination_devnull_ToErrorNullDTarget",
      "stageVersion" : "1",
      "configuration" : [ ],
      "uiInfo" : {
        "description" : "",
        "label" : "Start Event - Discard",
        "xPos" : 280,
        "yPos" : 50,
        "stageType" : "TARGET"
      },
      "inputLanes" : [ ],
      "outputLanes" : [ ],
      "eventLanes" : [ ],
      "services" : [ ]
    } ],
    "stopEventStages" : [ {
      "instanceName" : "Discard_StopEventStage",
      "library" : "streamsets-datacollector-basic-lib",
      "stageName" : "com_streamsets_pipeline_stage_destination_devnull_ToErrorNullDTarget",
      "stageVersion" : "1",
      "configuration" : [ ],
      "uiInfo" : {
        "description" : "",
        "label" : "Stop Event - Discard",
        "xPos" : 280,
        "yPos" : 50,
        "stageType" : "TARGET"
      },
      "inputLanes" : [ ],
      "outputLanes" : [ ],
      "eventLanes" : [ ],
      "services" : [ ]
    } ],
    "testOriginStage" : {
      "instanceName" : "com_streamsets_pipeline_stage_devtest_rawdata_RawDataDSource_TestOriginStage",
      "library" : "streamsets-datacollector-dev-lib",
      "stageName" : "com_streamsets_pipeline_stage_devtest_rawdata_RawDataDSource",
      "stageVersion" : "3",
      "configuration" : [ {
        "name" : "rawData",
        "value" : "{\n  \"f1\": \"abc\",\n  \"f2\": \"xyz\",\n  \"f3\": \"lmn\"\n}"
      }, {
        "name" : "stopAfterFirstBatch",
        "value" : false
      }, {
        "name" : "eventData",
        "value" : null
      }, {
        "name" : "stageOnRecordError",
        "value" : "TO_ERROR"
      } ],
      "uiInfo" : {
        "stageType" : "SOURCE",
        "label" : "Test Origin - Dev Raw Data Source"
      },
      "inputLanes" : [ ],
      "outputLanes" : [ "com_streamsets_pipeline_stage_devtest_rawdata_RawDataDSource_TestOriginStageOutputLane1" ],
      "eventLanes" : [ ],
      "services" : [ {
        "service" : "com.streamsets.pipeline.api.service.dataformats.DataFormatParserService",
        "serviceVersion" : 1,
        "configuration" : [ {
          "name" : "displayFormats",
          "value" : "DELIMITED,JSON,LOG,SDC_JSON,TEXT,XML"
        }, {
          "name" : "dataFormat",
          "value" : "JSON"
        }, {
          "name" : "dataFormatConfig.compression",
          "value" : "NONE"
        }, {
          "name" : "dataFormatConfig.filePatternInArchive",
          "value" : "*"
        }, {
          "name" : "dataFormatConfig.charset",
          "value" : "UTF-8"
        }, {
          "name" : "dataFormatConfig.removeCtrlChars",
          "value" : false
        }, {
          "name" : "dataFormatConfig.textMaxLineLen",
          "value" : 1024
        }, {
          "name" : "dataFormatConfig.useCustomDelimiter",
          "value" : false
        }, {
          "name" : "dataFormatConfig.customDelimiter",
          "value" : "\\r\\n"
        }, {
          "name" : "dataFormatConfig.includeCustomDelimiterInTheText",
          "value" : false
        }, {
          "name" : "dataFormatConfig.jsonContent",
          "value" : "MULTIPLE_OBJECTS"
        }, {
          "name" : "dataFormatConfig.jsonMaxObjectLen",
          "value" : 4096
        }, {
          "name" : "dataFormatConfig.csvFileFormat",
          "value" : "CSV"
        }, {
          "name" : "dataFormatConfig.csvHeader",
          "value" : "NO_HEADER"
        }, {
          "name" : "dataFormatConfig.csvAllowExtraColumns",
          "value" : false
        }, {
          "name" : "dataFormatConfig.csvExtraColumnPrefix",
          "value" : "_extra_"
        }, {
          "name" : "dataFormatConfig.csvMaxObjectLen",
          "value" : 1024
        }, {
          "name" : "dataFormatConfig.csvCustomDelimiter",
          "value" : "|"
        }, {
          "name" : "dataFormatConfig.multiCharacterFieldDelimiter",
          "value" : "||"
        }, {
          "name" : "dataFormatConfig.multiCharacterLineDelimiter",
          "value" : "${str:unescapeJava('\\\\n')}"
        }, {
          "name" : "dataFormatConfig.csvCustomEscape",
          "value" : "\\"
        }, {
          "name" : "dataFormatConfig.csvCustomQuote",
          "value" : "\""
        }, {
          "name" : "dataFormatConfig.csvEnableComments",
          "value" : false
        }, {
          "name" : "dataFormatConfig.csvCommentMarker",
          "value" : "#"
        }, {
          "name" : "dataFormatConfig.csvIgnoreEmptyLines",
          "value" : false
        }, {
          "name" : "dataFormatConfig.csvRecordType",
          "value" : "LIST_MAP"
        }, {
          "name" : "dataFormatConfig.csvSkipStartLines",
          "value" : 0
        }, {
          "name" : "dataFormatConfig.parseNull",
          "value" : false
        }, {
          "name" : "dataFormatConfig.nullConstant",
          "value" : "\\\\N"
        }, {
          "name" : "dataFormatConfig.xmlRecordElement",
          "value" : null
        }, {
          "name" : "dataFormatConfig.includeFieldXpathAttributes",
          "value" : false
        }, {
          "name" : "dataFormatConfig.xPathNamespaceContext",
          "value" : [ ]
        }, {
          "name" : "dataFormatConfig.outputFieldAttributes",
          "value" : false
        }, {
          "name" : "dataFormatConfig.xmlMaxObjectLen",
          "value" : 4096
        }, {
          "name" : "dataFormatConfig.logMode",
          "value" : "COMMON_LOG_FORMAT"
        }, {
          "name" : "dataFormatConfig.logMaxObjectLen",
          "value" : 1024
        }, {
          "name" : "dataFormatConfig.retainOriginalLine",
          "value" : false
        }, {
          "name" : "dataFormatConfig.customLogFormat",
          "value" : "%h %l %u %t \"%r\" %>s %b"
        }, {
          "name" : "dataFormatConfig.regex",
          "value" : "^(\\S+) (\\S+) (\\S+) \\[([\\w:/]+\\s[+\\-]\\d{4})\\] \"(\\S+) (\\S+) (\\S+)\" (\\d{3}) (\\d+)"
        }, {
          "name" : "dataFormatConfig.fieldPathsToGroupName",
          "value" : [ {
            "fieldPath" : "/",
            "group" : 1
          } ]
        }, {
          "name" : "dataFormatConfig.grokPatternDefinition",
          "value" : null
        }, {
          "name" : "dataFormatConfig.grokPattern",
          "value" : "%{COMMONAPACHELOG}"
        }, {
          "name" : "dataFormatConfig.onParseError",
          "value" : "ERROR"
        }, {
          "name" : "dataFormatConfig.maxStackTraceLines",
          "value" : 50
        }, {
          "name" : "dataFormatConfig.enableLog4jCustomLogFormat",
          "value" : false
        }, {
          "name" : "dataFormatConfig.log4jCustomLogFormat",
          "value" : "%r [%t] %-5p %c %x - %m%n"
        }, {
          "name" : "dataFormatConfig.avroSchemaSource",
          "value" : null
        }, {
          "name" : "dataFormatConfig.avroSchema",
          "value" : null
        }, {
          "name" : "dataFormatConfig.schemaRegistryUrls",
          "value" : [ ]
        }, {
          "name" : "dataFormatConfig.schemaLookupMode",
          "value" : "SUBJECT"
        }, {
          "name" : "dataFormatConfig.subject",
          "value" : null
        }, {
          "name" : "dataFormatConfig.schemaId",
          "value" : null
        }, {
          "name" : "dataFormatConfig.protoDescriptorFile",
          "value" : null
        }, {
          "name" : "dataFormatConfig.messageType",
          "value" : null
        }, {
          "name" : "dataFormatConfig.isDelimited",
          "value" : false
        }, {
          "name" : "dataFormatConfig.binaryMaxObjectLen",
          "value" : 1024
        }, {
          "name" : "dataFormatConfig.datagramMode",
          "value" : "SYSLOG"
        }, {
          "name" : "dataFormatConfig.typesDbPath",
          "value" : null
        }, {
          "name" : "dataFormatConfig.convertTime",
          "value" : false
        }, {
          "name" : "dataFormatConfig.excludeInterval",
          "value" : false
        }, {
          "name" : "dataFormatConfig.authFilePath",
          "value" : null
        }, {
          "name" : "dataFormatConfig.netflowOutputValuesMode",
          "value" : "RAW_AND_INTERPRETED"
        }, {
          "name" : "dataFormatConfig.maxTemplateCacheSize",
          "value" : -1
        }, {
          "name" : "dataFormatConfig.templateCacheTimeoutMs",
          "value" : -1
        }, {
          "name" : "dataFormatConfig.netflowOutputValuesModeDatagram",
          "value" : "RAW_AND_INTERPRETED"
        }, {
          "name" : "dataFormatConfig.maxTemplateCacheSizeDatagram",
          "value" : -1
        }, {
          "name" : "dataFormatConfig.templateCacheTimeoutMsDatagram",
          "value" : -1
        }, {
          "name" : "dataFormatConfig.wholeFileMaxObjectLen",
          "value" : 8192
        }, {
          "name" : "dataFormatConfig.rateLimit",
          "value" : "-1"
        }, {
          "name" : "dataFormatConfig.verifyChecksum",
          "value" : false
        }, {
          "name" : "dataFormatConfig.excelHeader",
          "value" : null
        }, {
          "name" : "dataFormatConfig.excelSkipCellsWithNoHeader",
          "value" : false
        }, {
          "name" : "dataFormatConfig.excelReadAllSheets",
          "value" : false
        }, {
          "name" : "dataFormatConfig.excelSheetNames",
          "value" : [ ]
        } ]
      } ]
    },
    "valid" : true,
    "issues" : {
      "issueCount" : 0,
      "stageIssues" : { },
      "pipelineIssues" : [ ]
    },
    "previewable" : false
  },
  "pipelineRules" : {
    "schemaVersion" : 3,
    "version" : 2,
    "metricsRuleDefinitions" : [ {
      "id" : "badRecordsAlertID",
      "alertText" : "High incidence of Error Records",
      "metricId" : "pipeline.batchErrorRecords.counter",
      "metricType" : "COUNTER",
      "metricElement" : "COUNTER_COUNT",
      "condition" : "${value() > 100}",
      "sendEmail" : false,
      "enabled" : false,
      "timestamp" : 1538460061721,
      "valid" : true
    }, {
      "id" : "stageErrorAlertID",
      "alertText" : "High incidence of Stage Errors",
      "metricId" : "pipeline.batchErrorMessages.counter",
      "metricType" : "COUNTER",
      "metricElement" : "COUNTER_COUNT",
      "condition" : "${value() > 100}",
      "sendEmail" : false,
      "enabled" : false,
      "timestamp" : 1538460061721,
      "valid" : true
    }, {
      "id" : "idleGaugeID",
      "alertText" : "Pipeline is Idle",
      "metricId" : "RuntimeStatsGauge.gauge",
      "metricType" : "GAUGE",
      "metricElement" : "TIME_OF_LAST_RECEIVED_RECORD",
      "condition" : "${time:now() - value() > 120000}",
      "sendEmail" : false,
      "enabled" : false,
      "timestamp" : 1538460061721,
      "valid" : true
    }, {
      "id" : "batchTimeAlertID",
      "alertText" : "Batch taking more time to process",
      "metricId" : "RuntimeStatsGauge.gauge",
      "metricType" : "GAUGE",
      "metricElement" : "CURRENT_BATCH_AGE",
      "condition" : "${value() > 200}",
      "sendEmail" : false,
      "enabled" : false,
      "timestamp" : 1538460061721,
      "valid" : true
    }, {
      "id" : "memoryLimitAlertID",
      "alertText" : "Memory limit for pipeline exceeded",
      "metricId" : "pipeline.memoryConsumed.counter",
      "metricType" : "COUNTER",
      "metricElement" : "COUNTER_COUNT",
      "condition" : "${value() > (jvm:maxMemoryMB() * 0.65)}",
      "sendEmail" : false,
      "enabled" : false,
      "timestamp" : 1538460061721,
      "valid" : true
    } ],
    "dataRuleDefinitions" : [ ],
    "driftRuleDefinitions" : [ ],
    "uuid" : "c88c1fd5-f69b-4722-8a3c-b533fdf4e498",
    "configuration" : [ {
      "name" : "emailIDs",
      "value" : [ ]
    }, {
      "name" : "webhookConfigs",
      "value" : [ ]
    } ],
    "configIssues" : [ ],
    "ruleIssues" : [ ]
  },
  "libraryDefinitions" : null
}